date,SPY,TLT,GLD,QQQ,EEM,HYG
2023-03-20,450.0,100.0,180.0,380.0,45.0,78.0
2023-03-21,457.9746,100.2588,179.7724,388.5102,45.4076,78.326
2023-03-22,459.3538,98.9312,176.5573,386.7556,45.0333,78.2533
2023-03-23,454.9265,98.1563,178.3215,381.9744,44.7811,76.9902
2023-03-24,452.3615,98.3383,176.4946,380.6104,44.2537,76.7177
2023-03-27,449.5257,99.6912,176.9451,376.6342,44.3659,76.3084
2023-03-28,450.7159,98.3456,174.3802,376.759,44.8229,76.2241
2023-03-29,450.3002,98.1796,172.0411,374.1455,44.5375,76.7308
2023-03-30,452.1599,96.9621,172.1263,373.8504,44.4216,76.8268
2023-03-31,457.4461,97.4137,171.3092,377.851,44.9629,77.839
2023-04-03,455.195,97.3874,169.5489,372.6625,45.1424,78.5011
2023-04-04,454.9938,98.0767,170.3885,371.5777,45.2846,79.507
2023-04-05,454.9737,99.1376,166.92,373.939,45.2156,79.6936
2023-04-06,455.5922,97.8011,166.1046,374.2043,46.0186,79.2053
2023-04-07,451.6999,97.6215,167.2204,371.7648,45.4731,79.121
2023-04-10,452.3403,98.2605,166.4981,371.9118,45.2947,78.5544
2023-04-11,453.9721,98.3981,166.654,372.8633,44.744,78.4003
2023-04-12,452.4195,97.9369,166.1817,372.1345,45.5283,78.387
2023-04-13,453.8596,97.858,163.4255,372.8361,45.6271,79.8289
2023-04-14,453.0581,98.1056,163.4601,369.4744,46.1055,80.337
2023-04-17,457.1589,97.3798,165.3865,369.2193,46.7998,81.6314
2023-04-18,452.3378,97.1895,165.265,363.813,45.6392,81.2096
2023-04-19,447.2104,97.6967,163.9293,363.5228,44.7957,80.7824
2023-04-20,451.3688,96.7573,164.0822,369.4885,44.413,80.802
2023-04-21,452.8171,97.2405,162.5748,367.6386,44.7253,81.284
2023-04-24,454.2233,97.4408,161.7621,369.436,44.9531,81.0804
2023-04-25,463.7046,97.4502,160.4938,378.8399,45.2213,82.1261
2023-04-26,469.7766,96.7251,161.8405,384.6447,46.1524,83.4103
2023-04-27,468.6729,96.2871,160.371,381.0489,46.0195,83.448
2023-04-28,470.2634,96.7947,160.6772,386.5498,45.9999,85.1956
2023-05-01,473.6645,96.1409,159.0605,389.8947,46.1583,85.6723
2023-05-02,476.296,96.0282,157.9552,387.9431,46.1305,86.3439
2023-05-03,477.5844,95.1959,157.938,389.3394,45.8377,86.2205
2023-05-04,478.0574,94.463,158.1818,390.6271,46.4407,86.7089
2023-05-05,470.98,94.1045,158.4934,385.7559,46.1642,88.3892
2023-05-08,474.1025,94.7489,160.2308,390.9118,46.2616,89.2021
2023-05-09,470.2381,94.7391,159.4048,387.7116,47.0785,87.972
2023-05-10,473.9524,93.604,158.4545,392.584,47.4466,87.2644
2023-05-11,470.3891,94.1664,157.5403,390.4585,47.1367,86.8283
2023-05-12,481.6471,94.2318,155.2288,400.2804,47.666,88.1573
2023-05-15,477.6168,94.3033,155.8104,399.3098,46.7471,87.5983
2023-05-16,475.2887,93.9783,158.0317,398.4879,46.0,87.7456
2023-05-17,486.5501,94.301,156.5162,406.9953,47.4525,88.3529
2023-05-18,489.0957,94.737,155.5296,409.2689,45.9804,87.8723
2023-05-19,487.9081,93.9919,157.4454,404.0354,45.75,87.5975
2023-05-22,495.8141,92.8542,158.9261,410.0779,45.955,87.9742
2023-05-23,497.0733,92.458,158.9289,409.758,46.1242,88.3497
2023-05-24,505.9193,91.4396,161.8527,411.5462,46.8194,88.9448
2023-05-25,507.6602,91.0224,161.4654,411.222,46.6704,89.4234
2023-05-26,509.8315,90.5518,162.6467,413.656,47.2812,89.8262
2023-05-29,505.3608,90.3529,163.48,411.5636,46.9639,89.5069
2023-05-30,512.6402,89.8022,164.331,416.7696,47.4461,90.4618
2023-05-31,517.4742,90.1811,166.5925,421.6468,48.1762,90.726
2023-06-01,519.5005,90.0639,166.7815,424.9577,47.9209,92.0431
2023-06-02,513.9335,89.4948,168.0353,422.1718,47.8788,91.8715
2023-06-05,514.0441,88.9659,167.9339,419.849,48.4085,91.6956
2023-06-06,509.5562,88.914,168.3656,414.5309,47.6575,91.4734
2023-06-07,511.1077,88.5837,167.5992,416.048,47.0456,90.5205
2023-06-08,507.2473,88.5802,167.925,416.958,47.1946,90.1915
2023-06-09,507.3188,87.9945,167.6545,415.6213,47.3872,89.5348
2023-06-12,510.3945,88.8419,168.0238,420.2402,47.9299,89.8219
2023-06-13,511.8313,88.8279,168.2393,419.3404,48.0569,90.2329
2023-06-14,520.1806,89.1932,171.9451,425.2477,49.1877,91.0275
2023-06-15,532.8927,88.3762,170.8209,433.3049,49.0711,91.18
2023-06-16,528.6293,88.5969,171.2942,435.4595,49.2478,90.6488
2023-06-19,523.5901,89.0449,169.3356,436.6265,49.4241,90.2786
2023-06-20,513.9066,90.1423,169.3105,433.0174,47.7929,89.5205
2023-06-21,514.1161,90.1837,168.6871,434.9488,47.2542,89.4011
2023-06-22,514.9763,90.4927,169.9373,432.9868,46.558,90.2281
2023-06-23,517.039,89.9945,172.1364,435.0079,47.3575,90.2796
2023-06-26,528.9404,90.7542,172.6042,449.0116,48.5319,92.1849
2023-06-27,523.5112,91.343,174.2902,439.9147,47.5238,90.6698
2023-06-28,522.1431,91.844,176.792,439.8831,48.267,89.9592
2023-06-29,512.5423,92.097,177.1383,431.7676,46.4873,89.2158
2023-06-30,505.3671,92.7391,177.7306,423.5673,45.6893,88.2805
2023-07-03,505.1956,93.3635,176.4895,425.2521,45.3693,87.9812
2023-07-04,504.7776,92.7399,175.3501,420.7484,46.2946,87.9575
2023-07-05,501.069,93.0019,175.1624,417.1743,46.3068,88.2959
2023-07-06,498.3204,92.7392,174.5254,408.0969,45.3594,88.8023
2023-07-07,507.5117,92.3296,175.6341,416.5277,47.5554,90.1523
2023-07-10,506.9753,91.7662,172.8915,415.6979,47.1115,89.0787
2023-07-11,503.5469,91.2111,175.0899,415.0845,46.9199,89.5059
2023-07-12,504.1517,90.68,177.2402,416.9442,46.5157,89.1443
2023-07-13,499.4723,89.9827,178.1828,417.7498,45.5298,88.8036
2023-07-14,496.0723,89.8015,177.0434,412.0807,45.293,88.062
2023-07-17,497.7218,89.7419,176.7349,410.9203,45.1356,88.5945
2023-07-18,500.6385,89.0821,176.7235,414.8513,44.5823,88.7889
2023-07-19,497.1646,89.5433,175.6297,407.1908,43.5227,88.6857
2023-07-20,498.759,88.9672,176.4352,403.6367,43.646,87.8943
2023-07-21,495.3574,89.1106,175.0437,399.7041,43.8424,87.4754
2023-07-24,500.0844,88.3114,175.7054,406.8507,43.0804,86.8753
2023-07-25,503.4338,88.1139,176.348,407.9565,43.3734,86.9517
2023-07-26,510.077,88.099,177.1659,412.5236,43.6258,87.0977
2023-07-27,512.4687,87.8,177.595,420.0116,44.2163,86.9849
2023-07-28,519.4195,87.3858,174.5172,422.199,43.7909,87.0594
2023-07-31,519.7065,88.389,175.5333,423.0092,44.1655,86.1498
2023-08-01,521.2354,88.8276,173.5402,427.647,44.3744,86.1957
2023-08-02,525.0459,90.1096,174.5927,433.0482,44.3773,86.3044
2023-08-03,530.0253,89.4694,174.625,435.2982,44.9738,86.6543
2023-08-04,536.2599,89.0111,174.2631,437.2458,45.2051,87.1205
2023-08-07,540.913,88.3502,175.4897,444.6573,45.7746,88.2871
2023-08-08,536.4982,87.7377,172.2986,444.1834,45.7659,87.8662
2023-08-09,538.3383,87.0386,175.7718,446.0193,46.0445,88.1206
2023-08-10,541.3751,87.1105,174.7236,449.9346,47.1517,89.2786
2023-08-11,551.0522,86.5789,173.3411,457.0737,47.8624,90.4114
2023-08-14,540.986,87.7458,173.3019,448.4469,46.5814,89.1172
2023-08-15,546.074,87.6762,171.517,448.5748,46.7403,90.4633
2023-08-16,544.7058,86.8359,170.7207,445.593,45.3379,89.9058
2023-08-17,543.5127,87.2938,173.6923,448.9469,45.1603,89.2207
2023-08-18,559.0881,86.9488,174.1674,461.8867,46.3252,90.007
2023-08-21,555.7558,86.7269,173.9071,457.1062,45.7597,89.7644
2023-08-22,554.3916,87.6626,170.2677,459.6739,46.162,88.89
2023-08-23,552.4958,87.5077,168.036,455.1249,45.4583,89.7681
2023-08-24,558.3757,88.1317,169.6266,457.6823,45.5943,90.5981
2023-08-25,551.0647,88.7593,169.3117,450.9946,45.4205,90.6959
2023-08-28,549.0695,89.5261,167.998,451.7518,45.5127,90.7037
2023-08-29,551.2314,88.7293,169.106,452.4176,45.4652,91.1674
2023-08-30,547.1535,88.0049,166.3272,449.5501,44.5621,91.7157
2023-08-31,534.8145,89.3507,166.8168,440.3285,43.4383,91.5937
2023-09-01,534.7803,90.0381,167.3117,441.5471,43.2459,91.7572
2023-09-04,536.7782,88.9595,164.9398,443.9427,43.4635,91.4708
2023-09-05,537.0749,89.1795,164.2848,442.0268,43.5518,91.0085
2023-09-06,539.6747,88.1001,165.4119,444.739,43.9121,91.4085
2023-09-07,549.7506,88.4622,163.2844,449.5401,44.2269,92.2369
2023-09-08,553.0734,87.9602,163.4689,449.6106,44.1839,91.3754
2023-09-11,547.6502,87.3097,161.6016,447.2038,43.3875,92.4014
2023-09-12,550.8137,87.3568,160.5328,451.8272,43.3037,92.679
2023-09-13,566.5179,86.9216,162.5344,462.9362,44.3416,94.617
2023-09-14,562.8091,88.0978,163.9673,459.6636,44.3746,95.4507
2023-09-15,566.8557,87.0776,162.6232,460.9861,44.6223,95.7875
2023-09-18,568.1621,86.2755,162.8729,463.1443,45.0154,96.3101
2023-09-19,573.5728,86.431,163.0487,462.8041,45.5624,96.9173
2023-09-20,575.487,85.655,161.2304,466.4594,45.6716,97.2298
2023-09-21,575.8677,85.6808,162.6067,465.4904,45.7686,96.9502
2023-09-22,573.3169,85.5793,162.812,461.8252,46.2248,96.2627
2023-09-25,572.3391,85.3651,164.7752,461.7673,46.7173,95.1839
2023-09-26,574.2207,85.8527,165.2056,467.2542,46.5684,96.3309
2023-09-27,588.9425,85.3091,164.8349,483.4749,48.3337,96.8377
2023-09-28,586.4265,85.2217,162.7784,477.9066,47.6168,96.1458
2023-09-29,586.408,85.3749,165.0904,475.366,48.1515,96.1019
2023-10-02,586.2942,85.7856,163.6651,476.7022,48.1792,96.6129
2023-10-03,588.3643,87.1826,163.475,478.3459,47.9193,96.8769
2023-10-04,584.4451,87.9955,165.775,474.6318,47.2426,97.1384
2023-10-05,581.0994,88.4713,166.1927,467.6723,47.7843,98.4128
2023-10-06,577.3858,88.3469,166.4478,465.561,47.8843,99.5054
2023-10-09,576.4641,87.9095,164.2167,461.6592,47.7857,100.5613
2023-10-10,573.3836,88.1357,164.2091,463.0286,48.8497,100.2531
2023-10-11,570.4973,88.8481,165.4345,467.3372,48.9419,100.0692
2023-10-12,574.4036,89.4373,167.0492,473.1819,49.7682,101.3778
2023-10-13,583.3377,89.6276,167.2209,481.501,51.0236,101.5844
2023-10-16,585.9076,89.3443,167.2451,487.4972,51.3254,101.6788
2023-10-17,577.3484,90.0222,168.2275,488.1418,50.5375,101.4337
2023-10-18,579.1342,90.9589,168.5894,491.7488,50.9471,102.0687
2023-10-19,576.4929,91.1632,170.2025,486.6383,50.8547,101.4806
2023-10-20,584.273,90.0451,169.1602,493.2262,52.2925,101.6928
2023-10-23,580.9092,91.2942,167.4702,484.19,52.1891,101.7129
2023-10-24,574.5869,91.9093,167.9023,477.7137,50.9984,102.0257
2023-10-25,578.8975,91.7567,170.7373,478.4037,50.5494,101.629
2023-10-26,578.8099,91.9292,170.4693,479.607,49.8585,102.5907
2023-10-27,578.4894,92.6523,171.3151,481.7506,50.1177,103.1666
2023-10-30,582.7818,93.3967,172.1154,488.6841,50.348,104.7043
2023-10-31,578.6497,94.6613,172.4884,481.917,50.0711,104.4422
2023-11-01,584.203,94.1175,171.7925,479.9506,50.233,102.9454
2023-11-02,574.229,94.8776,172.9832,473.8969,49.0118,102.41
2023-11-03,574.4072,94.1475,174.9814,476.4452,48.9852,102.1066
2023-11-06,575.9249,92.8244,174.0872,474.0564,48.6192,101.5093
2023-11-07,587.5151,92.9495,173.7095,485.7933,50.1173,103.0816
2023-11-08,588.1061,92.5462,174.6389,487.3275,50.6741,103.4618
2023-11-09,595.1017,92.0544,176.7127,493.8207,52.3437,103.3825
2023-11-10,606.6738,91.912,176.0673,501.8852,52.9823,104.4041
2023-11-13,610.3752,91.4843,175.9833,511.7226,54.2371,104.8967
2023-11-14,610.844,91.5664,177.0096,508.9615,54.1404,103.7593
2023-11-15,613.7403,91.9178,176.5418,517.12,53.6148,102.9473
2023-11-16,615.4704,92.5478,179.5314,518.3833,54.3777,103.2917
2023-11-17,614.5171,93.1439,180.8287,513.0799,55.1554,104.533
2023-11-20,610.5036,93.5098,181.6662,511.109,54.5406,103.8731
2023-11-21,610.5457,94.2712,182.9145,511.002,54.9738,102.2012
2023-11-22,618.4745,92.9843,182.0388,512.4605,54.8498,103.0022
2023-11-23,615.5091,93.2927,182.0259,511.9234,54.6657,102.0376
2023-11-24,622.4698,92.8318,179.5843,515.4835,56.0114,103.0842
2023-11-27,620.3004,92.6826,178.9532,520.4838,56.0775,103.2029
2023-11-28,627.5474,92.6794,178.8162,526.0725,56.5614,103.6469
2023-11-29,632.7899,92.608,180.1378,530.523,57.0234,102.5373
2023-11-30,639.3897,92.6908,182.0071,526.4968,58.8025,103.0585
2023-12-01,647.4076,91.8717,182.8992,528.8522,59.0787,104.5455
2023-12-04,646.2763,92.0515,184.3705,530.1628,59.1122,104.7761
2023-12-05,663.5884,91.6422,185.1153,548.2038,61.1251,106.5932
2023-12-06,668.4831,90.8436,187.5773,547.7152,61.7927,106.0416
2023-12-07,668.2454,91.0698,188.2351,549.4861,62.834,106.5499
2023-12-08,666.6846,91.7175,190.4982,544.9447,63.1233,107.2362
2023-12-11,664.7357,92.6342,190.6599,544.9381,62.8027,107.4689
2023-12-12,656.9523,91.9216,192.7403,534.8336,61.6436,105.0495
2023-12-13,652.5648,91.2139,195.0402,534.3363,60.9588,105.9957
2023-12-14,659.8405,90.87,190.8557,547.4758,60.5426,105.0852
2023-12-15,667.4936,92.2237,194.1534,558.4231,61.4765,106.6428
2023-12-18,673.2996,92.2908,194.5918,563.3961,61.4222,106.7616
2023-12-19,660.9967,92.5166,192.6091,548.5636,60.5783,107.1929
2023-12-20,667.9051,91.397,190.6363,556.1922,60.487,106.9878
2023-12-21,672.1801,90.7229,190.6454,554.1068,60.4574,107.208
2023-12-22,660.6367,91.2602,190.5138,547.0018,59.7277,107.7176
2023-12-25,661.778,90.9883,190.6455,549.6666,59.863,107.7105
2023-12-26,656.8994,90.7049,188.0029,551.048,58.6799,106.7264
2023-12-27,651.9382,91.3827,187.7043,552.1464,57.8559,106.8187
2023-12-28,646.1758,92.8587,186.2927,549.8422,57.7139,107.4091
2023-12-29,645.085,92.821,186.3315,548.3323,58.2296,109.0156
2024-01-01,641.3548,92.0637,185.7152,553.4505,57.4956,109.5933
2024-01-02,653.4153,91.4618,186.796,569.6778,58.1965,109.9138
2024-01-03,649.4631,90.9396,185.3593,560.5437,57.9362,108.9512
2024-01-04,651.3606,89.957,185.5063,564.144,56.9119,108.7874
2024-01-05,660.3848,89.0397,188.1156,573.1446,57.2338,108.8384
2024-01-08,664.6718,89.0119,189.1635,573.6737,57.6606,108.0742
2024-01-09,664.0912,88.4973,187.679,576.9153,58.29,108.3814
2024-01-10,656.3443,88.49,189.4403,570.8889,59.2147,108.3313
2024-01-11,657.9606,88.2881,189.6385,571.5562,59.7955,109.1153
2024-01-12,652.5022,87.6262,186.0652,567.0184,58.6631,106.9048
2024-01-15,655.5196,89.0603,186.9121,575.0049,58.8596,107.5776
2024-01-16,662.3762,88.7552,187.456,582.1719,58.9711,108.5437
2024-01-17,661.3333,88.3411,188.1191,577.346,58.9557,108.3174
2024-01-18,669.4643,88.4707,188.4444,588.0805,60.4094,109.3832
2024-01-19,669.7748,87.6958,186.3142,585.6866,60.0469,108.9642
2024-01-22,670.4266,88.0151,186.4059,588.6572,60.1172,107.6828
2024-01-23,663.734,88.087,184.2562,584.6174,60.5586,108.3549
2024-01-24,662.4079,89.0231,184.9457,583.5576,60.0215,108.3797
2024-01-25,659.8113,89.1998,185.2308,581.5339,60.106,109.1957
2024-01-26,666.934,88.1672,180.813,589.3401,59.7281,109.0498
2024-01-29,658.5832,87.2841,180.9909,583.5448,58.8226,106.1998
2024-01-30,654.8565,87.6125,178.6964,580.8378,58.4735,106.575
2024-01-31,655.9471,87.0294,180.3514,580.8066,58.6107,105.7058
2024-02-01,652.9782,86.5881,179.7813,584.0032,57.561,104.0743
2024-02-02,663.7738,86.2553,178.9348,597.3877,57.9626,105.8461
2024-02-05,668.956,85.8807,182.337,600.0371,58.8843,106.2208
2024-02-06,678.769,86.6068,183.1016,607.3566,59.838,106.6684
2024-02-07,694.0394,86.3948,182.9217,621.8842,60.0796,106.704
2024-02-08,703.4468,85.8416,181.2741,631.6361,61.4933,107.6808
2024-02-09,711.4004,85.2646,178.98,643.9351,61.8315,107.7338
2024-02-12,722.043,85.4006,180.1102,663.6646,62.1739,108.9686
2024-02-13,722.7486,85.5604,182.6584,667.4862,62.6279,109.8441
2024-02-14,720.1001,85.1412,180.705,655.1076,63.7937,108.9572
2024-02-15,718.5995,85.0272,181.113,657.2004,64.2882,108.4437
2024-02-16,717.53,85.2277,180.8086,663.4963,64.5253,109.0267
2024-02-19,723.0132,85.8194,181.586,664.1758,65.1733,109.1635
2024-02-20,719.062,86.2528,183.6892,661.7581,65.1206,110.3528
2024-02-21,721.218,87.7503,185.4578,658.8826,65.7333,111.4582
2024-02-22,731.7025,87.9658,185.6872,663.8185,66.3491,111.5399
2024-02-23,727.2862,88.4193,188.5356,662.8404,65.2223,111.6383
2024-02-26,737.1139,87.8819,188.3668,671.3057,65.4253,112.4287
2024-02-27,736.3913,88.1636,187.0404,668.8336,65.8245,112.3321
2024-02-28,750.6379,87.6716,187.617,685.7324,65.9115,111.4788
2024-02-29,738.3033,88.669,186.8705,687.2396,64.555,111.2609
2024-03-01,751.0857,89.6487,191.1694,707.6959,66.1915,112.8122
2024-03-04,757.7793,89.2051,189.7928,713.1576,66.5479,112.6954
2024-03-05,763.8493,89.6873,190.3924,727.0435,66.1529,112.9625
2024-03-06,758.0937,88.6787,189.5909,718.938,66.867,112.8554
2024-03-07,749.8183,89.9653,192.0644,716.4363,66.0851,112.1092
2024-03-08,747.0108,90.7013,195.566,723.1364,65.5744,111.255
2024-03-11,748.4299,89.6054,195.6239,722.0823,65.4295,109.666
2024-03-12,752.9202,89.2148,193.5686,711.6302,65.7084,111.1852
2024-03-13,766.9425,88.6924,192.7263,726.4916,66.0181,111.9267
2024-03-14,773.6738,89.3243,193.1124,733.2877,65.8353,111.8718
2024-03-15,772.0172,89.5955,194.7806,728.6622,66.7848,111.7962
2024-03-18,772.1059,89.1586,190.421,731.2492,67.2438,111.5617
2024-03-19,772.9451,89.4733,188.0103,729.4473,67.7895,110.9353
2024-03-20,775.7116,88.6181,188.4549,730.673,66.8983,111.4765
2024-03-21,769.715,88.2586,188.4524,729.8466,65.7879,110.9445
2024-03-22,773.6151,88.6202,189.0681,732.6903,65.469,111.3076
2024-03-25,764.7622,87.0451,188.7519,725.7006,63.3298,109.2109
2024-03-26,770.2385,88.1777,189.5611,729.7409,63.5128,110.9826
2024-03-27,765.035,87.813,188.4365,719.1447,63.2501,111.8269
2024-03-28,768.0216,87.6263,187.9675,714.1588,64.045,111.9823
2024-03-29,766.7657,89.5635,189.4453,713.0526,63.5698,113.5503
2024-04-01,767.9894,88.6861,190.5928,709.93,65.0023,114.2328
2024-04-02,764.4793,89.5389,191.0652,712.1705,65.0491,113.7616
2024-04-03,759.3351,90.2782,190.7496,706.4824,63.9791,114.0482
2024-04-04,776.8285,89.3127,190.8513,728.4112,65.1832,114.9701
2024-04-05,768.0221,89.7514,190.5254,725.3569,65.3713,116.7643
2024-04-08,773.1878,89.872,191.09,729.0641,65.9665,116.9154
2024-04-09,774.8912,90.6616,189.8731,737.3009,66.9222,117.3875
2024-04-10,757.0761,90.6383,191.5293,720.1155,65.0149,115.8243
2024-04-11,764.3416,90.8545,191.4799,725.8651,65.2329,115.6038
2024-04-12,778.1908,90.4128,193.7485,746.6591,66.9615,115.8888
2024-04-15,781.9192,90.3476,192.3081,751.5159,66.3546,116.9396
2024-04-16,778.1966,90.5578,192.8088,747.0539,66.511,116.4935
2024-04-17,785.9274,89.6072,192.791,762.757,66.4064,115.8811
2024-04-18,790.6453,89.6491,193.5703,770.2777,67.1915,117.0673
2024-04-19,794.4863,89.4517,194.7509,783.8723,67.4039,116.3559
2024-04-22,804.4395,89.2188,191.2198,797.0961,67.6369,116.7737
2024-04-23,807.6587,89.2956,192.569,798.6291,68.2515,116.81
2024-04-24,814.5052,89.5659,191.3421,811.5849,68.2818,117.9126
2024-04-25,818.081,90.6377,191.6392,815.5049,68.4392,118.3422
2024-04-26,825.5659,89.5315,189.5335,814.7929,69.6643,119.8166
2024-04-29,824.9063,89.4588,189.6184,820.3439,68.9432,119.8395
2024-04-30,834.044,89.6234,190.2939,835.7291,67.5879,120.6993
2024-05-01,828.3351,88.6274,190.5099,835.6425,67.1953,120.6774
2024-05-02,843.3156,89.1805,193.9832,857.4933,68.2736,120.3651
2024-05-03,841.3281,88.7226,197.4213,854.5402,68.3507,120.4377
2024-05-06,842.0261,89.7484,196.9304,858.3199,67.7716,119.8122
2024-05-07,836.6545,89.8354,196.105,848.6859,66.3873,119.411
2024-05-08,823.099,90.5483,196.2635,827.7409,65.2562,118.386
2024-05-09,826.277,91.3339,193.5463,832.4348,65.2335,119.496
2024-05-10,828.5039,90.848,192.8416,829.2605,66.1382,119.5663
2024-05-13,846.1205,90.5221,191.9881,838.2831,66.011,119.0246
2024-05-14,848.9028,90.8054,189.5583,845.9964,65.7722,119.4235
2024-05-15,864.2548,91.1148,189.6996,857.4451,65.2128,119.6404
2024-05-16,862.5501,90.5525,189.1776,854.9247,64.9813,118.7819
2024-05-17,864.4522,90.8106,187.5637,864.9546,64.9746,119.0193
2024-05-20,871.4891,90.8552,189.3662,874.5519,65.0197,119.6023
2024-05-21,860.83,91.1176,189.1871,862.808,64.2687,117.6424
2024-05-22,855.9353,91.2761,189.4264,852.2665,64.8328,116.9006
2024-05-23,865.3626,91.3992,188.6833,872.0754,64.5633,118.0572
2024-05-24,875.19,90.8374,190.9987,880.4855,65.4458,118.5194
2024-05-27,874.2033,91.3716,192.6003,870.8177,66.2932,117.4883
2024-05-28,884.4385,91.9179,191.3205,879.6915,66.0744,118.0302
2024-05-29,881.7512,92.467,193.7559,886.9724,65.5392,117.8261
2024-05-30,865.7317,92.2482,194.8933,879.8276,63.7635,116.2801
2024-05-31,865.7833,92.4415,193.6271,882.4053,63.4061,116.3414
2024-06-03,871.2889,92.371,193.0189,887.2688,63.6641,116.3232
2024-06-04,869.1135,93.4276,194.4679,885.8197,63.9702,116.4277
2024-06-05,880.6331,93.4838,194.6453,900.7792,63.5894,116.0154
2024-06-06,869.3758,93.7837,197.4899,903.7812,63.4095,115.9081
2024-06-07,852.4563,93.7485,195.665,881.3105,62.2647,114.7115
2024-06-10,834.1947,94.5625,193.7452,864.2776,62.4665,113.6113
2024-06-11,811.2684,94.8121,195.131,851.9466,60.2834,112.7257
2024-06-12,807.4,94.8354,199.5985,840.6103,60.3076,112.8409
2024-06-13,817.3259,94.7324,200.4067,849.1593,61.1017,113.0907
2024-06-14,823.2002,94.4063,201.1039,854.9216,62.2216,113.3214
2024-06-17,807.4332,95.5208,199.632,836.0145,60.7666,113.9896
2024-06-18,788.7472,97.9236,202.1637,822.3817,59.5037,114.0847
2024-06-19,793.5446,98.2772,203.5002,829.0461,59.6782,114.3289
2024-06-20,792.121,99.0806,204.9442,813.1208,59.9898,114.8027
2024-06-21,792.2353,98.8378,206.8809,818.5023,59.559,114.9103
2024-06-24,784.045,98.0965,205.1353,812.7738,59.6747,114.6797
2024-06-25,790.573,98.33,204.3237,822.3165,60.5534,115.8054
2024-06-26,801.1888,98.6122,205.4509,840.3939,61.1993,115.7779
2024-06-27,800.0321,98.1572,203.9914,837.1723,60.6122,115.2745
2024-06-28,783.6476,98.6391,203.7575,815.7504,60.0028,115.3746
2024-07-01,770.0645,98.4215,201.8706,795.2186,59.668,114.5167
2024-07-02,768.0934,97.1451,202.3345,784.5833,59.6677,114.1586
2024-07-03,779.8585,96.0666,196.812,794.7566,61.4981,115.6495
2024-07-04,781.93,95.7257,198.1299,791.5919,61.9908,116.0654
2024-07-05,791.3228,97.3529,199.9326,802.0223,62.5124,115.8377
2024-07-08,785.5526,97.2158,198.7918,796.298,61.5848,116.2994
2024-07-09,785.8293,97.2242,198.2546,797.3166,62.1306,115.7262
2024-07-10,780.4155,97.1506,195.7292,786.5376,61.4232,116.1214
2024-07-11,782.9427,97.248,197.3429,789.0759,61.8678,116.2289
2024-07-12,785.5021,96.8333,193.0043,789.2201,62.8983,117.1762
2024-07-15,794.1185,97.4956,193.7493,800.545,63.0189,117.6152
2024-07-16,799.7754,98.2006,194.0369,805.3448,63.3448,118.7059
2024-07-17,787.353,96.9352,192.1582,783.2645,62.2478,117.415
2024-07-18,783.703,97.9809,193.1251,783.1281,62.3838,116.753
2024-07-19,792.9352,97.7671,194.4608,787.1046,61.9918,117.7061
2024-07-22,796.4959,97.1197,192.791,795.1542,61.4386,118.8794
2024-07-23,788.884,97.7075,192.3156,791.4042,60.5655,118.5105
2024-07-24,789.5151,97.0515,193.3022,788.5604,60.5192,117.4638
2024-07-25,767.5385,97.3756,196.9418,771.5896,59.2079,116.0315
2024-07-26,767.9968,97.7474,195.1126,777.9543,59.6277,116.8568
2024-07-29,771.9698,97.7001,196.391,785.4663,59.6831,116.5509
2024-07-30,773.1049,98.7231,194.8002,780.3027,59.7659,117.1526
2024-07-31,774.8496,98.8712,194.5639,790.0696,58.8473,116.4996
2024-08-01,774.2408,97.8027,193.7634,796.2159,58.8691,116.2247
2024-08-02,763.7794,97.6245,192.748,782.8879,59.0185,116.1415
2024-08-05,754.7087,97.9921,193.5166,780.084,59.4387,115.0615
2024-08-06,748.2413,97.3107,192.6195,774.2776,59.6727,114.4651
2024-08-07,745.8706,97.4798,191.2335,782.4542,58.4646,114.3962
2024-08-08,762.7345,97.1537,191.3022,798.3627,59.44,116.3209
2024-08-09,744.4437,98.5541,189.038,778.9772,57.8904,116.3016
2024-08-12,731.6174,99.1532,192.3158,759.9716,57.2382,115.2193
2024-08-13,735.301,99.1071,191.3476,766.0941,58.5502,115.4506
2024-08-14,741.3799,98.1284,189.4957,773.015,59.8805,115.8881
2024-08-15,739.0864,98.1964,187.3934,773.2323,60.2434,115.5469
2024-08-16,735.5236,98.4688,186.712,769.3369,61.3212,115.4528
2024-08-19,732.8818,98.1132,187.7161,765.2914,60.7661,116.1187
2024-08-20,744.5828,97.4849,184.7247,781.2419,61.0798,117.2074
2024-08-21,728.7074,98.4254,182.7321,768.8849,59.9384,115.9134
2024-08-22,725.6997,98.9681,183.0762,769.6072,60.9726,114.8724
2024-08-23,738.8634,98.7729,181.9613,776.6111,61.7294,116.3607
2024-08-26,738.0854,99.8214,180.0989,776.9174,60.7517,116.957
2024-08-27,745.5443,99.3967,176.0252,784.2328,61.4605,117.7152
2024-08-28,755.9399,98.4751,177.0039,800.5605,61.0714,118.0394
2024-08-29,752.012,98.5224,177.4775,793.9295,60.3872,117.7981
2024-08-30,743.2814,97.9996,178.0876,777.6929,60.2948,117.5117
2024-09-02,729.4312,97.8602,179.5229,757.8818,59.1342,116.9358
2024-09-03,735.9722,97.5739,178.6674,771.4036,60.6513,118.1484
2024-09-04,736.9205,97.0394,177.1754,773.8437,60.9822,119.1859
2024-09-05,742.4511,95.9549,178.5226,773.3338,61.2012,119.251
2024-09-06,759.0095,97.6567,180.7358,793.6998,62.5971,121.6821
2024-09-09,756.5978,98.9144,181.6137,796.1322,62.8232,122.4307
2024-09-10,763.8448,98.3702,180.712,797.0408,63.6144,123.4009
2024-09-11,767.9585,99.4226,181.3059,806.9911,63.1039,123.6459
2024-09-12,774.1028,99.8887,181.2367,814.0684,62.4659,123.7921
2024-09-13,781.9555,100.1374,182.3868,823.6593,62.9948,123.7994
2024-09-16,788.2402,100.3157,183.4531,828.268,61.9794,124.9657
2024-09-17,784.3642,99.8282,184.2736,821.3542,62.4797,125.1443
2024-09-18,790.5366,98.7996,185.981,828.2429,62.7341,125.1392
2024-09-19,775.3673,99.3951,184.1587,804.9176,60.6729,125.3591
2024-09-20,770.2717,100.5527,183.6817,792.1511,59.5549,126.5308
2024-09-23,769.2204,100.2216,183.7877,793.2059,60.2177,127.6642
2024-09-24,766.4454,99.399,182.6994,790.0028,59.4513,126.2601
2024-09-25,769.6121,99.3213,182.8307,789.3294,59.5125,125.6414
2024-09-26,777.4177,99.8784,180.3493,792.9494,58.9681,125.7723
2024-09-27,776.9762,98.9266,178.4825,785.1145,59.0842,125.5141
2024-09-30,771.0797,99.1849,177.5944,777.7459,59.7377,126.5901
2024-10-01,760.3267,99.9832,178.9308,762.3286,59.5701,127.6391
2024-10-02,751.2043,99.5728,180.1223,753.9898,59.3941,127.1936
2024-10-03,754.6956,98.6245,181.4942,762.403,59.5588,126.9037
2024-10-04,742.249,99.2473,182.3465,750.3788,59.461,126.1719
2024-10-07,747.1187,98.4782,182.1353,753.3615,59.9585,125.8921
2024-10-08,746.2997,99.067,181.6944,745.3002,60.9748,127.4845
2024-10-09,735.9523,99.769,180.9186,736.857,60.4252,126.9566
2024-10-10,729.865,99.4539,179.1643,725.5654,59.9585,125.8815
2024-10-11,735.5963,100.3526,178.8284,733.8999,60.5973,127.0966
2024-10-14,736.4683,100.8594,179.8518,729.8325,61.2091,128.2185
2024-10-15,730.5426,101.0352,180.8576,723.3221,61.5228,130.0312
2024-10-16,724.4821,100.2436,180.8434,719.4579,61.008,130.5288
2024-10-17,714.0679,100.9643,179.9007,717.8689,61.5277,129.6311
2024-10-18,710.0012,101.6647,179.4859,714.3853,61.212,127.9894
2024-10-21,710.1417,101.2072,178.5388,720.5096,60.4117,128.3959
2024-10-22,708.2111,101.0799,179.6911,720.2715,60.6801,129.0703
2024-10-23,705.8779,100.7342,177.7774,712.8799,62.3941,130.2138
2024-10-24,695.6344,100.0846,177.9687,703.9305,62.0719,129.0321
2024-10-25,694.9179,100.344,178.2137,693.2605,61.8603,128.3835
2024-10-28,696.5004,102.3585,179.7196,696.7434,62.4959,129.8243
2024-10-29,699.9628,102.7197,183.2556,696.5247,63.1241,129.3885
2024-10-30,704.485,101.9956,182.4365,698.6096,64.1311,130.3443
2024-10-31,695.0781,102.2712,181.1448,683.2255,63.2463,129.5793
2024-11-01,713.8757,102.1524,179.5067,699.1828,65.28,132.869
2024-11-04,701.6714,101.1496,181.6949,687.8362,63.8961,131.8974
2024-11-05,681.5732,101.6337,181.8258,672.478,61.708,130.619
2024-11-06,674.8736,101.9894,180.3526,663.9852,60.5132,130.8194
2024-11-07,681.4826,101.6893,180.52,663.962,60.8206,131.1502
2024-11-08,701.3674,100.4718,182.9828,687.3462,62.5608,133.5956
2024-11-11,704.4837,100.6865,183.111,696.4604,63.504,133.4362
2024-11-12,694.507,100.7955,181.5797,685.7874,63.5708,132.5268
2024-11-13,694.4229,100.8578,182.9828,675.9188,63.1861,132.7013
2024-11-14,703.833,100.3249,180.0468,686.7297,63.4148,132.1118
2024-11-15,699.2455,100.3241,178.9688,671.7886,63.6601,133.1034
2024-11-18,704.5016,99.4511,178.4608,675.6646,64.4926,133.79
2024-11-19,699.0586,99.6491,179.121,677.2967,64.578,134.2179
2024-11-20,699.9479,100.602,180.2276,675.9534,65.5745,135.4762
2024-11-21,696.7817,100.3682,180.5219,674.6592,65.4958,135.4315
2024-11-22,710.0551,100.8136,181.4519,693.0288,65.7808,136.8365
2024-11-25,724.4354,100.3605,180.3649,703.6176,66.0975,136.9203
2024-11-26,721.7364,99.4846,179.9533,703.7904,65.309,137.644
2024-11-27,726.0443,100.1054,179.3312,712.9061,64.8135,138.9664
2024-11-28,727.6708,100.4657,177.6998,710.4405,65.2796,138.507
2024-11-29,731.6331,99.4684,178.7414,707.4554,66.0383,138.9934
2024-12-02,726.2816,99.997,179.2442,700.5199,64.9223,136.9098
2024-12-03,729.3292,98.8903,179.0307,700.6971,65.6748,136.4431
2024-12-04,726.9414,99.4527,179.7548,700.8474,65.8118,135.1395
2024-12-05,733.2474,99.7487,178.483,706.1172,66.1952,135.6499
2024-12-06,736.1969,100.6731,180.6881,704.8478,66.8445,137.5285
2024-12-09,739.587,101.3645,184.3096,714.9695,67.318,138.95
2024-12-10,741.0246,101.3704,183.8073,723.7525,66.8276,140.3956
2024-12-11,745.3584,100.3355,184.1034,716.5885,67.6603,141.1982
2024-12-12,740.7626,100.5386,187.2472,710.7614,66.6307,142.1871
2024-12-13,757.0138,100.2109,189.2843,733.2638,67.3564,142.5969
2024-12-16,767.5285,101.1545,190.9889,741.3819,69.512,143.4779
2024-12-17,764.9676,101.4637,193.6896,744.2396,69.679,143.837
2024-12-18,765.6015,101.8551,189.5974,742.9904,69.7788,143.1158
2024-12-19,769.1229,101.6603,192.569,754.8062,69.7818,142.9596
2024-12-20,768.7665,101.3775,192.784,750.2918,68.944,143.3095
2024-12-23,774.3591,100.7284,194.1995,752.1768,69.6119,144.2118
2024-12-24,774.3438,101.0599,193.493,751.5422,69.4206,143.6556
2024-12-25,773.1091,100.0456,192.1766,747.0141,69.1789,142.8891
2024-12-26,772.8545,100.3965,193.8342,744.5336,68.2961,141.8814
2024-12-27,768.9831,100.2577,192.3627,733.7084,67.6646,141.7595
2024-12-30,774.2854,99.7895,191.6302,733.5437,68.0322,141.1572
2024-12-31,779.4379,98.4966,190.6038,737.8561,68.5913,143.5342
2025-01-01,782.7098,97.7808,190.2304,731.1593,68.8048,142.6747
2025-01-02,790.8651,97.2746,190.0595,735.1352,70.6833,142.907
2025-01-03,807.0842,97.514,191.4695,753.2672,72.1679,142.284
2025-01-06,804.8908,98.1348,191.6405,745.1819,71.9309,144.1098
2025-01-07,816.2122,97.8941,193.4802,754.3119,71.512,143.6527
2025-01-08,830.53,97.4593,193.2901,765.7538,73.9951,146.2118
2025-01-09,851.0911,96.9904,194.168,777.0935,76.69,146.3979
2025-01-10,853.4185,96.2468,192.8912,773.4199,76.3881,145.6554
2025-01-13,848.5702,96.8972,191.2194,770.6912,76.9317,145.3456
2025-01-14,842.166,96.8821,193.0489,766.1827,76.0828,145.2847
2025-01-15,832.2493,97.5309,193.8046,756.5974,74.6562,143.9861
2025-01-16,837.4367,98.2667,193.2364,764.8394,73.3108,143.9133
2025-01-17,837.4437,97.6809,191.3901,760.053,73.5341,143.5646
2025-01-20,817.1185,96.6741,189.3599,741.2074,69.973,141.0266
2025-01-21,812.6744,97.6874,189.0937,740.5072,69.6949,139.2139
2025-01-22,819.8262,97.7133,190.1748,766.9329,68.6758,140.9786
2025-01-23,817.5209,97.9674,190.1763,762.9895,68.089,141.2238
2025-01-24,804.1635,98.7406,189.4899,745.4837,66.7995,141.9209
2025-01-27,799.7095,99.0878,188.3273,745.2539,66.9376,143.6544
2025-01-28,798.445,99.5822,188.7027,751.365,66.3202,144.4146
2025-01-29,797.0144,99.5877,188.8401,751.3151,66.1468,144.5149
2025-01-30,811.129,99.9928,190.8941,763.9776,66.4917,146.4857
2025-01-31,819.2293,100.8525,190.5248,771.9796,65.8081,146.9246
2025-02-03,828.4967,100.3729,191.6638,779.5947,66.6928,146.2073
2025-02-04,829.5632,98.3381,190.4688,768.6144,67.7182,146.2926
2025-02-05,834.112,99.2863,189.4666,783.1997,68.6015,146.9266
2025-02-06,844.8235,98.3594,187.9815,788.5224,68.9532,146.1658
2025-02-07,856.4854,97.9911,188.7304,796.3959,68.4338,146.8311
2025-02-10,838.7692,98.2881,186.1482,789.7373,67.8716,146.0565
2025-02-11,850.7223,97.5217,187.0318,801.4119,68.9159,147.7391
2025-02-12,857.8747,97.6022,184.5547,802.7139,69.2268,148.4524
2025-02-13,847.5096,99.4052,187.5923,799.9019,68.5611,148.3594
2025-02-14,838.9319,99.6379,187.9186,785.4529,68.2384,147.8148
2025-02-17,821.6198,99.4045,186.686,777.9029,67.4922,145.2578
2025-02-18,826.3,98.2924,188.1151,778.6666,67.8444,146.3078
2025-02-19,814.8898,97.5978,186.5405,771.413,66.0043,142.2623
2025-02-20,811.131,98.0545,188.6411,766.7212,65.4929,143.2536
2025-02-21,794.7322,98.1318,188.5585,753.1525,64.0653,142.162
2025-02-24,773.2573,98.136,188.725,727.3109,62.7141,141.1593
2025-02-25,770.6142,98.323,187.157,723.6632,62.9013,141.3404
2025-02-26,765.9121,98.5881,188.3416,709.9753,63.377,140.9638
2025-02-27,769.7649,99.3294,186.5433,710.996,63.3539,140.893
2025-02-28,784.7247,98.466,185.6993,724.7624,63.5736,141.0675
2025-03-03,787.7396,98.2039,185.5362,724.6742,62.7628,141.3296
2025-03-04,803.2221,97.9293,186.24,742.509,62.9467,143.7265
2025-03-05,805.2909,98.9924,185.6033,754.9975,63.5159,144.984
2025-03-06,807.6458,98.8,187.5666,758.2412,62.3992,143.6931
2025-03-07,806.2774,99.0545,187.5739,763.5053,61.0084,143.632
2025-03-10,790.4358,99.8945,187.3803,751.4767,59.4298,144.1079
2025-03-11,799.77,100.1225,187.5576,763.9701,59.542,145.6154
2025-03-12,814.5612,100.575,186.9951,780.9854,59.5762,147.3069
2025-03-13,818.8838,99.2362,184.6266,781.0179,59.667,145.8185
2025-03-14,822.6742,99.3527,184.4878,781.0067,60.5447,147.913
2025-03-17,818.5862,99.0394,185.0587,774.8264,60.2448,148.2036
2025-03-18,801.68,100.2701,185.293,758.2818,59.1186,147.6059
2025-03-19,786.694,101.6049,185.5594,748.083,58.7553,146.2726
2025-03-20,791.0666,101.3517,186.9784,741.8128,59.0025,145.8809
2025-03-21,795.105,101.6131,186.0664,742.3945,59.1429,145.4543
2025-03-24,802.7474,101.2243,181.3698,746.1085,58.8707,144.2631
2025-03-25,792.1016,101.5338,183.3584,738.4999,57.8902,143.993
2025-03-26,788.3787,101.1526,181.2482,725.2044,57.4077,143.7934
2025-03-27,787.8167,100.8997,179.6366,726.8349,56.5527,144.296
2025-03-28,779.4072,100.5772,176.9704,715.2384,56.6122,144.2722
2025-03-31,788.0685,100.776,175.592,721.8214,56.611,146.2596
2025-04-01,777.9697,101.6126,177.074,722.7392,55.7686,146.5119
2025-04-02,797.7676,100.7968,174.9015,730.9225,57.3319,145.9016
2025-04-03,794.7795,101.1763,175.2875,730.8753,57.2829,147.1439
2025-04-04,786.732,100.8959,173.7866,726.473,57.3453,147.0245
2025-04-07,797.2494,99.8964,176.2249,743.079,58.5219,149.0313
2025-04-08,783.0002,99.846,174.706,732.47,56.9961,148.6765
2025-04-09,795.0787,100.0919,175.5906,739.9684,57.2002,150.8457
2025-04-10,802.1731,99.9439,175.0915,736.4751,56.9599,153.2021
2025-04-11,791.1552,100.3112,176.532,720.881,56.4533,153.5691
2025-04-14,791.5409,102.2743,174.7991,728.8034,56.2289,155.4127
2025-04-15,795.6604,101.7024,175.0475,722.9661,56.8613,155.8748
2025-04-16,801.5286,102.3334,176.0511,730.4168,56.6573,155.7536
2025-04-17,812.2724,103.1324,176.3166,742.0304,56.6903,158.085
2025-04-18,818.5021,104.3847,175.6505,747.7487,57.1001,159.9473
2025-04-21,816.8469,103.8222,176.7654,749.2905,56.5075,160.8441
2025-04-22,827.6474,103.7196,177.1494,762.2657,56.6083,161.5178
2025-04-23,808.3415,104.742,174.6584,752.4178,55.2384,160.3886
2025-04-24,803.0427,104.6683,176.6946,735.3787,55.7432,160.4764
2025-04-25,792.6616,104.1422,178.8373,720.8012,54.5542,160.4727
2025-04-28,795.891,103.4341,178.9958,717.9726,55.4104,161.6812
2025-04-29,800.8271,103.6069,181.9987,723.6463,55.0484,162.4054
2025-04-30,819.4836,102.5316,181.497,741.3957,56.0967,162.2326
2025-05-01,829.8832,103.958,182.715,749.1433,55.7004,163.8579
2025-05-02,840.2507,104.1075,183.0704,756.2176,55.6168,165.5289
2025-05-05,848.9905,102.866,185.3603,766.0194,57.0216,164.1178
2025-05-06,836.5324,103.0234,185.9452,764.0119,56.7791,163.0305
2025-05-07,827.3807,104.0828,184.6031,764.9579,56.0239,164.628
2025-05-08,833.8493,103.8781,183.8673,768.9152,56.628,165.2018
2025-05-09,828.6945,103.885,183.8835,753.1677,56.6218,163.8543
2025-05-12,818.4712,102.9222,180.32,734.4057,55.6092,164.8387
2025-05-13,814.0231,103.1564,180.9587,731.4782,55.3222,163.2633
2025-05-14,827.3,104.1734,179.0819,739.828,55.7947,163.8296
2025-05-15,832.194,103.5826,182.4013,750.2806,56.2889,164.9082
2025-05-16,842.6088,103.0018,181.141,759.1798,57.3764,165.7101
2025-05-19,828.287,102.741,180.5656,744.9564,57.7933,163.219
2025-05-20,833.1834,103.7025,184.7329,750.1138,58.41,164.6504
2025-05-21,835.2666,103.6131,185.4819,739.512,58.9722,165.0476
2025-05-22,833.5149,105.1064,184.997,738.038,60.027,165.057
2025-05-23,828.7628,105.1186,186.2678,735.1031,58.9565,163.9115
2025-05-26,823.516,105.1911,186.8783,732.6432,57.5552,164.4917
2025-05-27,826.0921,106.1475,188.1101,742.1089,57.9619,166.6686
2025-05-28,831.127,105.9959,191.9704,751.9916,58.6898,165.458
2025-05-29,819.6397,106.4611,192.1236,738.9484,58.1029,166.6401
2025-05-30,826.1963,105.5242,191.737,739.6795,58.281,166.2051
2025-06-02,822.1445,104.7305,191.086,731.8917,56.2691,167.4788
2025-06-03,832.2787,104.2796,191.2261,734.9125,57.8677,170.432
2025-06-04,834.0045,104.99,191.9049,731.1906,57.6886,171.0811
2025-06-05,830.1264,104.9337,191.642,727.173,57.503,169.5519
2025-06-06,823.8696,104.1675,192.8064,710.5553,57.9223,170.4237
2025-06-09,821.4194,102.4004,191.3627,705.255,57.2286,168.6226
2025-06-10,835.5331,102.603,190.3134,710.3274,57.7915,169.6595
2025-06-11,840.3861,102.157,191.128,723.3262,58.6045,169.7624
2025-06-12,838.9871,101.9581,193.0109,719.2781,58.6054,169.5738
2025-06-13,834.6499,101.1145,193.0804,713.9664,58.7214,168.2387
2025-06-16,846.1505,100.3128,195.9667,715.3858,59.7503,169.246
2025-06-17,839.0419,100.756,198.2088,699.8602,59.6863,166.1642
2025-06-18,830.423,102.054,197.586,688.7249,58.9806,168.5832
2025-06-19,813.9819,101.6692,199.5674,683.1175,58.0374,165.556
2025-06-20,833.0326,102.4103,201.6945,697.4689,59.105,167.2185
2025-06-23,836.3558,103.3735,203.8329,697.2199,60.1483,168.4902
2025-06-24,842.9695,104.2922,202.4907,703.7522,60.1153,167.703
2025-06-25,846.4795,106.0199,200.1406,708.5266,60.5832,169.1985
2025-06-26,845.7224,105.1232,200.1475,703.098,59.1826,169.7966
2025-06-27,854.9342,104.9995,200.7808,716.0354,59.864,171.4608
2025-06-30,852.4358,106.0036,201.7628,716.4816,58.8823,171.9534
2025-07-01,844.9331,105.7152,199.9939,704.1019,59.7728,173.1442
2025-07-02,863.0772,104.4996,200.1072,712.0285,60.4362,172.8001
2025-07-03,875.1477,104.008,202.1242,724.9826,62.6648,171.947
2025-07-04,887.5762,104.6025,201.0381,741.0979,63.5497,173.0033
2025-07-07,879.8425,104.2592,204.3229,734.7705,63.7226,171.3116
2025-07-08,872.6028,105.1817,202.1517,727.3605,63.2234,171.5052
2025-07-09,871.1891,105.5126,203.5231,730.5333,62.491,171.0644
2025-07-10,882.9436,105.9477,201.6184,742.6161,61.7959,172.0524
2025-07-11,901.6844,104.931,200.2109,760.873,61.8711,172.0129
2025-07-14,907.9158,104.3861,199.7358,769.1637,62.5148,172.5428
2025-07-15,904.8468,104.7256,199.6174,769.3449,61.9939,172.2305
2025-07-16,895.3101,104.8979,198.0425,755.1668,61.595,172.0133
2025-07-17,903.3335,104.4634,198.7944,764.4954,62.3725,171.4344
2025-07-18,905.1339,104.7095,198.9912,755.9113,62.5698,174.3538
2025-07-21,901.866,104.2745,199.3851,754.149,63.2141,172.5346
2025-07-22,909.4373,104.574,199.4981,762.8926,64.3185,174.3986
2025-07-23,898.321,105.3801,199.4853,754.8864,63.6876,173.8689
2025-07-24,910.4113,105.1164,197.7453,762.6006,64.4781,176.1761
2025-07-25,916.7697,104.4152,201.9462,769.4976,65.8498,176.0968
2025-07-28,922.4692,104.9275,204.5256,781.3166,66.8168,176.4261
2025-07-29,916.9905,105.2848,206.2525,776.3929,67.2696,178.0524
2025-07-30,908.0686,104.8722,205.5879,769.425,66.3794,178.7424
2025-07-31,912.6223,104.8381,203.1211,766.0401,66.7945,176.6739
2025-08-01,923.1074,104.5557,209.0954,787.9897,67.4377,176.8685
2025-08-04,933.5398,105.5962,206.8879,788.9194,67.495,178.9783
2025-08-05,938.9689,106.2858,205.1961,782.1691,68.3466,179.0254
2025-08-06,918.4493,106.7817,206.346,764.9742,66.807,177.5254
2025-08-07,915.0268,105.8914,204.5674,762.962,66.8499,177.0859
2025-08-08,905.3306,105.9614,200.4429,754.6413,67.197,174.9824
2025-08-11,899.8124,106.3223,202.696,748.7722,66.4039,172.3011
2025-08-12,901.1512,107.7906,203.9237,752.285,66.6508,173.183
2025-08-13,893.4074,108.5616,204.4938,746.988,65.4673,174.4142
2025-08-14,900.2525,108.0447,206.2772,750.1513,65.3988,173.6237
2025-08-15,883.0291,108.7411,202.8216,729.4078,62.8356,172.5249
2025-08-18,881.878,108.5452,200.8649,722.0306,63.0497,171.8726
2025-08-19,885.2556,107.8502,200.9933,730.2519,63.6795,171.3238
2025-08-20,888.07,107.6419,201.0153,730.8117,63.7452,171.6704
2025-08-21,878.6769,107.104,198.0857,713.6223,62.3466,170.889
2025-08-22,870.3552,107.6602,198.1922,698.1243,62.2757,171.6522
2025-08-25,861.1447,108.1702,196.6952,691.3188,60.8495,169.0479
2025-08-26,857.8198,108.1682,195.9384,682.9691,60.3871,169.131
2025-08-27,857.6965,108.3267,194.8716,688.1831,59.5969,169.6267
2025-08-28,869.1474,108.472,194.9228,695.4797,60.888,169.0963
2025-08-29,860.1766,108.3802,196.7899,690.1802,59.8019,167.8396
2025-09-01,854.665,107.9916,198.1896,679.1611,60.5641,168.3743
2025-09-02,865.2197,107.4628,198.0129,680.6424,60.856,169.459
2025-09-03,877.8577,106.4287,197.2895,688.7276,60.7141,170.4145
2025-09-04,871.1737,106.4386,196.3525,679.5251,60.3176,169.7445
2025-09-05,867.9152,105.9983,196.6459,683.8947,60.2567,170.3791
2025-09-08,854.9464,106.3854,194.5894,666.6999,58.9948,171.0204
2025-09-09,864.18,106.3997,192.2453,672.7753,59.6492,172.0796
2025-09-10,846.9554,106.117,191.5778,660.8418,57.3032,170.1674
2025-09-11,848.5845,106.7174,193.0744,665.8612,56.9062,168.2565
2025-09-12,845.2126,107.5313,195.7285,667.9668,56.9957,168.8041
2025-09-15,840.338,107.5573,198.505,660.4939,57.7618,168.2232
2025-09-16,852.884,106.2984,199.3514,666.0495,57.6729,168.615
2025-09-17,862.6531,105.5178,196.6669,671.938,58.141,169.6683
2025-09-18,871.9659,105.3158,200.0687,680.9621,58.5139,168.2582
2025-09-19,869.7518,105.1399,201.6438,681.424,57.704,167.9949
2025-09-22,876.4809,106.121,203.8831,692.1631,58.0938,169.3703
2025-09-23,888.8345,104.9462,203.0838,696.9384,59.0352,171.1856
2025-09-24,883.3089,103.3714,201.4885,694.2065,59.1308,170.5322
2025-09-25,880.8975,102.5414,201.9731,687.3853,60.4272,170.8571
2025-09-26,875.5794,102.2361,201.5418,681.5167,60.8586,170.6855
2025-09-29,868.8393,103.6923,202.1566,681.7658,60.0185,171.2928
2025-09-30,872.1167,102.3233,205.2198,689.1285,60.0878,169.3343
2025-10-01,875.7562,102.3366,205.9967,693.1973,60.6286,171.3113
2025-10-02,881.5354,101.5221,208.2632,704.8812,63.0719,170.2766
2025-10-03,884.1992,100.0615,208.6595,702.5301,64.6093,169.0336
2025-10-06,868.0793,100.0527,204.5942,691.9329,62.16,167.7463
2025-10-07,848.5424,100.2143,207.1067,678.348,60.5062,166.1641
2025-10-08,849.0076,100.5472,204.8179,681.4052,58.7332,165.4113
2025-10-09,844.7447,101.0798,205.0207,672.3234,57.8567,165.5329
2025-10-10,844.3056,100.7122,203.9858,674.3758,57.5162,165.1646
2025-10-13,864.7541,99.3731,200.6262,692.1852,58.2356,165.6341
2025-10-14,857.6262,99.3488,203.2646,690.5915,58.436,163.5172
2025-10-15,847.0665,97.6522,200.7072,683.2257,58.2235,161.7097
2025-10-16,847.1552,97.2147,200.8803,686.2174,57.2601,161.5948
2025-10-17,856.1408,96.7971,202.1929,706.2991,57.737,162.3231
2025-10-20,849.4898,97.0556,202.9782,702.1558,56.7523,162.0674
2025-10-21,863.4504,97.1169,205.1535,713.5801,57.995,163.4653
2025-10-22,854.7209,97.5027,203.3337,703.3279,57.5823,163.4883
2025-10-23,843.839,98.4168,204.5295,692.4588,56.024,162.8452
2025-10-24,839.995,98.5839,203.872,680.0801,55.5668,162.3641
2025-10-27,846.144,98.0228,206.8112,676.4477,56.7537,162.4004
2025-10-28,854.4408,97.9431,209.1147,681.9659,56.5896,164.3434
2025-10-29,853.6732,98.1243,211.4842,677.4554,56.9407,163.7725
2025-10-30,852.7309,98.2098,208.7324,672.7399,57.6517,165.0171
2025-10-31,852.4418,98.3971,208.304,678.7808,57.496,165.3178
2025-11-03,863.4863,97.6961,211.1564,680.5913,59.1847,165.4998
2025-11-04,861.4833,96.5008,209.6577,672.2396,58.7346,164.5497
2025-11-05,870.8611,96.4893,210.5192,675.0882,58.7195,167.1401
2025-11-06,864.1231,97.711,210.5386,671.5108,58.9497,168.9225
2025-11-07,863.3722,97.4875,210.3231,672.085,59.4758,168.8638
2025-11-10,869.552,98.4791,211.749,680.1904,58.8311,166.6592
2025-11-11,873.5712,98.3636,210.8728,684.2156,59.0038,168.185
2025-11-12,874.7044,97.8656,212.5138,683.8102,59.4563,167.4767
2025-11-13,868.7581,98.0474,212.4851,681.483,58.9509,165.0309
2025-11-14,864.9264,98.6639,212.1628,678.1121,59.3174,164.451
2025-11-17,850.5506,98.8376,210.9506,662.1406,58.3798,164.1045
2025-11-18,850.7614,99.0597,214.465,661.8689,58.6187,163.6221
2025-11-19,843.1387,98.8286,213.2363,656.7899,59.6473,162.4664
2025-11-20,839.5697,98.8732,213.9203,655.3029,60.2678,159.7013
2025-11-21,817.8197,98.9687,215.3981,631.4166,57.1097,158.4424
2025-11-24,820.2978,98.2101,213.237,627.923,57.3202,157.6739
2025-11-25,825.043,96.2397,210.7754,623.9068,57.4984,156.4965
2025-11-26,832.5726,94.907,210.4158,630.2703,59.1252,156.0404
2025-11-27,835.8355,93.707,205.4699,633.7578,59.2869,157.0023
2025-11-28,823.5007,94.2765,208.8121,627.3849,58.7876,156.3656
2025-12-01,809.5591,95.416,207.8959,619.9435,56.9254,154.5735
2025-12-02,822.6221,94.966,210.7491,629.9321,56.634,155.9369
2025-12-03,817.5722,95.528,210.9656,620.3156,56.4249,158.2569
2025-12-04,822.2919,95.4227,213.0794,625.1795,56.8586,157.3477
2025-12-05,824.6949,96.0676,211.957,633.6743,56.881,156.924
2025-12-08,834.0337,95.7276,213.5084,639.7217,57.4132,157.9112
2025-12-09,836.9944,94.3985,210.8059,643.6745,57.5254,156.8947
2025-12-10,824.7791,93.9463,206.4669,632.0568,56.4301,154.8226
2025-12-11,824.4497,94.2033,210.4235,626.6279,57.1658,156.023
2025-12-12,817.6727,94.4756,209.5396,622.3142,57.6708,156.5255
2025-12-15,822.5335,94.1302,206.7924,624.2841,58.6552,155.3196
2025-12-16,813.2751,94.3987,204.8868,613.7543,57.8072,153.4078
2025-12-17,804.8452,95.0238,202.6238,601.0816,56.8582,153.9474
2025-12-18,803.3835,94.7716,202.5545,592.6559,57.0874,154.2244
2025-12-19,800.0475,95.4998,200.8407,595.1998,56.9157,154.0692
2025-12-22,800.1526,95.448,203.0004,591.401,56.507,155.016
2025-12-23,795.191,96.1444,206.2675,587.5862,56.6563,153.812
2025-12-24,802.071,96.1618,207.375,590.5665,56.074,154.6615
2025-12-25,784.1468,96.3166,208.643,578.1629,56.2382,154.6804
2025-12-26,778.781,96.4591,208.4842,568.1667,55.3568,153.7192
2025-12-29,761.6101,96.8484,207.7027,549.2721,54.5752,153.4978
2025-12-30,763.7787,96.6117,208.7589,553.3043,54.9113,152.6814
2025-12-31,766.3699,97.3622,208.1618,563.7744,54.7048,153.2144
2026-01-01,760.969,97.6387,204.9594,557.4063,53.6887,153.0842
2026-01-02,769.5595,97.911,201.1188,571.1272,54.2637,153.1875
2026-01-05,771.159,98.0157,200.0641,573.0573,53.981,152.915
2026-01-06,765.6074,97.1963,199.7712,570.01,54.0016,152.9805
2026-01-07,768.6068,96.8048,201.1734,566.9818,53.7039,151.9152
2026-01-08,778.0073,97.2549,202.581,579.0165,53.7353,153.0565
2026-01-09,777.2084,97.849,202.6722,577.6948,53.9701,154.2912
2026-01-12,771.7665,97.9377,200.6817,563.6753,53.7401,154.7265
2026-01-13,774.2615,96.6133,199.5127,555.4655,54.7104,153.3621
2026-01-14,785.2246,97.0349,198.5028,559.7354,55.4974,153.6554
2026-01-15,786.3846,96.7145,195.2915,551.3229,55.6542,153.1951
2026-01-16,781.8755,97.2788,197.4723,548.1594,55.2079,153.5817
2026-01-19,770.4786,97.6715,198.302,543.0296,53.4202,151.8847
2026-01-20,763.3048,97.9024,199.0567,543.6465,52.7415,150.8405
2026-01-21,773.225,97.9169,201.6205,552.4884,52.6934,150.0355
2026-01-22,760.2993,98.6369,203.7067,551.0001,52.4554,150.6062
2026-01-23,755.7145,97.9787,204.7828,548.5593,52.3138,150.2998
2026-01-26,758.6656,98.7905,207.6463,554.2306,52.9571,151.4612
2026-01-27,755.0826,99.3916,205.3073,555.7238,52.0137,151.701
2026-01-28,748.3271,99.9263,205.3157,545.3405,51.8446,150.9615
2026-01-29,755.8422,99.7881,206.2349,547.5482,51.9639,150.9508
2026-01-30,763.2296,100.788,205.5356,558.0308,51.1163,150.5571
